{
  "lpages": [
    {
      "id": "addison-il",
      "city": "ADDISON",
      "state": "IL",
      "county": "DUPAGE",
      "zip": 60101,
      "lon": -88.0048,
      "lat": 41.9324
    },
    {
      "id": "algonquin-il",
      "city": "ALGONQUIN",
      "state": "IL",
      "county": "MCHENRY",
      "zip": 60102,
      "lon": -88.3187,
      "lat": 42.1708
    },
    {
      "id": "antioch-il",
      "city": "ANTIOCH",
      "state": "IL",
      "county": "LAKE",
      "zip": 60002,
      "lon": -88.1074,
      "lat": 42.4663
    },
    {
      "id": "arlington-heights-il",
      "city": "ARLINGTON HEIGHTS",
      "state": "IL",
      "county": "COOK",
      "zip": 60004,
      "lon": -87.9747,
      "lat": 42.1085
    },
    {
      "id": "aurora-il",
      "city": "AURORA",
      "state": "IL",
      "county": "DUPAGE",
      "zip": 60502,
      "lon": -88.2513,
      "lat": 41.7843
    },
    {
      "id": "barrington-il",
      "city": "BARRINGTON",
      "state": "IL",
      "county": "LAKE",
      "zip": 60010,
      "lon": -88.1346,
      "lat": 42.1911
    },
    {
      "id": "bartlett-il",
      "city": "BARTLETT",
      "state": "IL",
      "county": "DUPAGE",
      "zip": 60103,
      "lon": -88.164,
      "lat": 41.9667
    },
    {
      "id": "bassett-wi",
      "city": "BASSETT",
      "state": "WI",
      "county": "KENOSHA",
      "zip": 53101,
      "lon": -88.2277,
      "lat": 42.5405
    },
    {
      "id": "batavia-il",
      "city": "BATAVIA",
      "state": "IL",
      "county": "KANE",
      "zip": 60510,
      "lon": -88.3095,
      "lat": 41.8463
    },
    {
      "id": "bedford-park-il",
      "city": "BEDFORD PARK",
      "state": "IL",
      "county": "COOK",
      "zip": 60499,
      "lon": -87.7698,
      "lat": 41.7836
    },
    {
      "id": "bellwood-il",
      "city": "BELLWOOD",
      "state": "IL",
      "county": "COOK",
      "zip": 60104,
      "lon": -87.8767,
      "lat": 41.8821
    },
    {
      "id": "benet-lake-wi",
      "city": "BENET LAKE",
      "state": "WI",
      "county": "KENOSHA",
      "zip": 53102,
      "lon": -88.0773,
      "lat": 42.5044
    },
    {
      "id": "bensenville-il",
      "city": "BENSENVILLE",
      "state": "IL",
      "county": "DUPAGE",
      "zip": 60105,
      "lon": -87.9445,
      "lat": 41.9573
    },
    {
      "id": "berkeley-il",
      "city": "BERKELEY",
      "state": "IL",
      "county": "COOK",
      "zip": 60163,
      "lon": -87.9073,
      "lat": 41.8827
    },
    {
      "id": "berwyn-il",
      "city": "BERWYN",
      "state": "IL",
      "county": "COOK",
      "zip": 60402,
      "lon": -87.7908,
      "lat": 41.8334
    },
    {
      "id": "bloomingdale-il",
      "city": "BLOOMINGDALE",
      "state": "IL",
      "county": "DUPAGE",
      "zip": 60108,
      "lon": -88.0811,
      "lat": 41.9493
    },
    {
      "id": "bolingbrook-il",
      "city": "BOLINGBROOK",
      "state": "IL",
      "county": "WILL",
      "zip": 60440,
      "lon": -88.0747,
      "lat": 41.7051
    },
    {
      "id": "bridgeview-il",
      "city": "BRIDGEVIEW",
      "state": "IL",
      "county": "COOK",
      "zip": 60455,
      "lon": -87.8044,
      "lat": 41.741
    },
    {
      "id": "bristol-wi",
      "city": "BRISTOL",
      "state": "WI",
      "county": "KENOSHA",
      "zip": 53104,
      "lon": -88.0438,
      "lat": 42.5396
    },
    {
      "id": "broadview-il",
      "city": "BROADVIEW",
      "state": "IL",
      "county": "COOK",
      "zip": 60155,
      "lon": -87.8552,
      "lat": 41.8567
    },
    {
      "id": "brookfield-il",
      "city": "BROOKFIELD",
      "state": "IL",
      "county": "COOK",
      "zip": 60513,
      "lon": -87.8475,
      "lat": 41.8229
    },
    {
      "id": "buffalo-grove-il",
      "city": "BUFFALO GROVE",
      "state": "IL",
      "county": "LAKE",
      "zip": 60089,
      "lon": -87.9647,
      "lat": 42.1743
    },
    {
      "id": "burbank-il",
      "city": "BURBANK",
      "state": "IL",
      "county": "COOK",
      "zip": 60459,
      "lon": -87.7698,
      "lat": 41.7436
    },
    {
      "id": "burlington-il",
      "city": "BURLINGTON",
      "state": "IL",
      "county": "KANE",
      "zip": 60109,
      "lon": -88.5108,
      "lat": 42.0646
    },
    {
      "id": "camp-lake-wi",
      "city": "CAMP LAKE",
      "state": "WI",
      "county": "KENOSHA",
      "zip": 53109,
      "lon": -88.1417,
      "lat": 42.5385
    },
    {
      "id": "carol-stream-il",
      "city": "CAROL STREAM",
      "state": "IL",
      "county": "DUPAGE",
      "zip": 60116,
      "lon": -88.1357,
      "lat": 41.9152
    },
    {
      "id": "carpentersville-il",
      "city": "CARPENTERSVILLE",
      "state": "IL",
      "county": "KANE",
      "zip": 60110,
      "lon": -88.268,
      "lat": 42.1213
    },
    {
      "id": "cary-il",
      "city": "CARY",
      "state": "IL",
      "county": "MCHENRY",
      "zip": 60013,
      "lon": -88.2426,
      "lat": 42.2171
    },
    {
      "id": "chicago-il",
      "city": "CHICAGO",
      "state": "IL",
      "county": "COOK",
      "zip": 60290,
      "lon": -87.8849,
      "lat": 41.9614
    },
    {
      "id": "chicago-ridge-il",
      "city": "CHICAGO RIDGE",
      "state": "IL",
      "county": "COOK",
      "zip": 60415,
      "lon": -87.7771,
      "lat": 41.7009
    },
    {
      "id": "cicero-il",
      "city": "CICERO",
      "state": "IL",
      "county": "COOK",
      "zip": 60804,
      "lon": -87.7598,
      "lat": 41.8443
    },
    {
      "id": "clarendon-hills-il",
      "city": "CLARENDON HILLS",
      "state": "IL",
      "county": "DUPAGE",
      "zip": 60514,
      "lon": -87.9572,
      "lat": 41.7725
    },
    {
      "id": "crest-hill-il",
      "city": "CREST HILL",
      "state": "IL",
      "county": "WILL",
      "zip": 60403,
      "lon": -87.7905,
      "lat": 41.8397
    },
    {
      "id": "crystal-lake-il",
      "city": "CRYSTAL LAKE",
      "state": "IL",
      "county": "MCHENRY",
      "zip": 60012,
      "lon": -88.3042,
      "lat": 42.27
    },
    {
      "id": "darien-il",
      "city": "DARIEN",
      "state": "IL",
      "county": "DUPAGE",
      "zip": 60561,
      "lon": -87.9772,
      "lat": 41.747
    },
    {
      "id": "deerfield-il",
      "city": "DEERFIELD",
      "state": "IL",
      "county": "LAKE",
      "zip": 60015,
      "lon": -87.8738,
      "lat": 42.1738
    },
    {
      "id": "des-plaines-il",
      "city": "DES PLAINES",
      "state": "IL",
      "county": "COOK",
      "zip": 60016,
      "lon": -87.8908,
      "lat": 42.047
    },
    {
      "id": "downers-grove-il",
      "city": "DOWNERS GROVE",
      "state": "IL",
      "county": "DUPAGE",
      "zip": 60515,
      "lon": -88.0218,
      "lat": 41.8075
    },
    {
      "id": "dundee-il",
      "city": "DUNDEE",
      "state": "IL",
      "county": "KANE",
      "zip": 60118,
      "lon": -88.2965,
      "lat": 42.1103
    },
    {
      "id": "elgin-il",
      "city": "ELGIN",
      "state": "IL",
      "county": "KANE",
      "zip": 60120,
      "lon": -88.2826,
      "lat": 42.0392
    },
    {
      "id": "elk-grove-village-il",
      "city": "ELK GROVE VILLAGE",
      "state": "IL",
      "county": "COOK",
      "zip": 60007,
      "lon": -88.0048,
      "lat": 42.0067
    },
    {
      "id": "elmhurst-il",
      "city": "ELMHURST",
      "state": "IL",
      "county": "DUPAGE",
      "zip": 60126,
      "lon": -87.944,
      "lat": 41.8929
    },
    {
      "id": "elmwood-park-il",
      "city": "ELMWOOD PARK",
      "state": "IL",
      "county": "COOK",
      "zip": 60707,
      "lon": -87.8165,
      "lat": 41.9225
    },
    {
      "id": "eola-il",
      "city": "EOLA",
      "state": "IL",
      "county": "DUPAGE",
      "zip": 60519,
      "lon": -88.2423,
      "lat": 41.7784
    },
    {
      "id": "evanston-il",
      "city": "EVANSTON",
      "state": "IL",
      "county": "COOK",
      "zip": 60201,
      "lon": -87.6997,
      "lat": 42.0565
    },
    {
      "id": "evergreen-park-il",
      "city": "EVERGREEN PARK",
      "state": "IL",
      "county": "COOK",
      "zip": 60805,
      "lon": -87.7014,
      "lat": 41.7229
    },
    {
      "id": "forest-park-il",
      "city": "FOREST PARK",
      "state": "IL",
      "county": "COOK",
      "zip": 60130,
      "lon": -87.8124,
      "lat": 41.8726
    },
    {
      "id": "fort-sheridan-il",
      "city": "FORT SHERIDAN",
      "state": "IL",
      "county": "LAKE",
      "zip": 60037,
      "lon": -87.8066,
      "lat": 42.2094
    },
    {
      "id": "fox-lake-il",
      "city": "FOX LAKE",
      "state": "IL",
      "county": "LAKE",
      "zip": 60020,
      "lon": -88.1746,
      "lat": 42.392
    },
    {
      "id": "fox-river-grove-il",
      "city": "FOX RIVER GROVE",
      "state": "IL",
      "county": "MCHENRY",
      "zip": 60021,
      "lon": -88.2233,
      "lat": 42.1909
    },
    {
      "id": "fox-valley-il",
      "city": "FOX VALLEY",
      "state": "IL",
      "county": "DUPAGE",
      "zip": 60597,
      "lon": -88.2494,
      "lat": 41.7755
    },
    {
      "id": "franklin-park-il",
      "city": "FRANKLIN PARK",
      "state": "IL",
      "county": "COOK",
      "zip": 60131,
      "lon": -87.8764,
      "lat": 41.9343
    },
    {
      "id": "geneva-il",
      "city": "GENEVA",
      "state": "IL",
      "county": "KANE",
      "zip": 60134,
      "lon": -88.3101,
      "lat": 41.8859
    },
    {
      "id": "gilberts-il",
      "city": "GILBERTS",
      "state": "IL",
      "county": "KANE",
      "zip": 60136,
      "lon": -88.362,
      "lat": 42.0924
    },
    {
      "id": "glen-ellyn-il",
      "city": "GLEN ELLYN",
      "state": "IL",
      "county": "DUPAGE",
      "zip": 60137,
      "lon": -88.0629,
      "lat": 41.8713
    },
    {
      "id": "glencoe-il",
      "city": "GLENCOE",
      "state": "IL",
      "county": "COOK",
      "zip": 60022,
      "lon": -87.7617,
      "lat": 42.1337
    },
    {
      "id": "glendale-heights-il",
      "city": "GLENDALE HEIGHTS",
      "state": "IL",
      "county": "DUPAGE",
      "zip": 60139,
      "lon": -88.0778,
      "lat": 41.9196
    },
    {
      "id": "glenview-il",
      "city": "GLENVIEW",
      "state": "IL",
      "county": "COOK",
      "zip": 60025,
      "lon": -87.819,
      "lat": 42.0756
    },
    {
      "id": "golf-il",
      "city": "GOLF",
      "state": "IL",
      "county": "COOK",
      "zip": 60029,
      "lon": -87.7913,
      "lat": 42.0576
    },
    {
      "id": "grayslake-il",
      "city": "GRAYSLAKE",
      "state": "IL",
      "county": "LAKE",
      "zip": 60030,
      "lon": -88.0288,
      "lat": 42.3359
    },
    {
      "id": "great-lakes-il",
      "city": "GREAT LAKES",
      "state": "IL",
      "county": "LAKE",
      "zip": 60088,
      "lon": -87.8525,
      "lat": 42.3097
    },
    {
      "id": "gurnee-il",
      "city": "GURNEE",
      "state": "IL",
      "county": "LAKE",
      "zip": 60031,
      "lon": -87.9339,
      "lat": 42.3743
    },
    {
      "id": "hampshire-il",
      "city": "HAMPSHIRE",
      "state": "IL",
      "county": "KANE",
      "zip": 60140,
      "lon": -88.5022,
      "lat": 42.1165
    },
    {
      "id": "hanover-park-il",
      "city": "HANOVER PARK",
      "state": "IL",
      "county": "COOK",
      "zip": 60133,
      "lon": -88.164,
      "lat": 41.9667
    },
    {
      "id": "harwood-heights-il",
      "city": "HARWOOD HEIGHTS",
      "state": "IL",
      "county": "COOK",
      "zip": 60706,
      "lon": -87.8166,
      "lat": 41.9633
    },
    {
      "id": "hickory-hills-il",
      "city": "HICKORY HILLS",
      "state": "IL",
      "county": "COOK",
      "zip": 60457,
      "lon": -87.8282,
      "lat": 41.7252
    },
    {
      "id": "highland-park-il",
      "city": "HIGHLAND PARK",
      "state": "IL",
      "county": "LAKE",
      "zip": 60035,
      "lon": -87.8063,
      "lat": 42.1806
    },
    {
      "id": "highwood-il",
      "city": "HIGHWOOD",
      "state": "IL",
      "county": "LAKE",
      "zip": 60040,
      "lon": -87.8127,
      "lat": 42.2024
    },
    {
      "id": "hillside-il",
      "city": "HILLSIDE",
      "state": "IL",
      "county": "COOK",
      "zip": 60162,
      "lon": -87.8983,
      "lat": 41.8737
    },
    {
      "id": "hines-il",
      "city": "HINES",
      "state": "IL",
      "county": "COOK",
      "zip": 60141,
      "lon": -87.8313,
      "lat": 41.855
    },
    {
      "id": "hinsdale-il",
      "city": "HINSDALE",
      "state": "IL",
      "county": "DUPAGE",
      "zip": 60521,
      "lon": -87.9481,
      "lat": 41.7903
    },
    {
      "id": "hoffman-estates-il",
      "city": "HOFFMAN ESTATES",
      "state": "IL",
      "county": "COOK",
      "zip": 60169,
      "lon": -88.1258,
      "lat": 42.0452
    },
    {
      "id": "hometown-il",
      "city": "HOMETOWN",
      "state": "IL",
      "county": "COOK",
      "zip": 60456,
      "lon": -87.7311,
      "lat": 41.7314
    },
    {
      "id": "huntley-il",
      "city": "HUNTLEY",
      "state": "IL",
      "county": "MCHENRY",
      "zip": 60142,
      "lon": -88.4329,
      "lat": 42.1889
    },
    {
      "id": "ingleside-il",
      "city": "INGLESIDE",
      "state": "IL",
      "county": "LAKE",
      "zip": 60041,
      "lon": -88.1632,
      "lat": 42.3583
    },
    {
      "id": "island-lake-il",
      "city": "ISLAND LAKE",
      "state": "IL",
      "county": "LAKE",
      "zip": 60042,
      "lon": -88.2099,
      "lat": 42.2789
    },
    {
      "id": "itasca-il",
      "city": "ITASCA",
      "state": "IL",
      "county": "DUPAGE",
      "zip": 60143,
      "lon": -88.018,
      "lat": 41.9722
    },
    {
      "id": "justice-il",
      "city": "JUSTICE",
      "state": "IL",
      "county": "COOK",
      "zip": 60458,
      "lon": -87.8348,
      "lat": 41.7445
    },
    {
      "id": "kenilworth-il",
      "city": "KENILWORTH",
      "state": "IL",
      "county": "COOK",
      "zip": 60043,
      "lon": -87.7151,
      "lat": 42.0885
    },
    {
      "id": "kenosha-wi",
      "city": "KENOSHA",
      "state": "WI",
      "county": "KENOSHA",
      "zip": 53140,
      "lon": -87.8301,
      "lat": 42.5812
    },
    {
      "id": "la-grange-il",
      "city": "LA GRANGE",
      "state": "IL",
      "county": "COOK",
      "zip": 60525,
      "lon": -87.8757,
      "lat": 41.7952
    },
    {
      "id": "la-grange-park-il",
      "city": "LA GRANGE PARK",
      "state": "IL",
      "county": "COOK",
      "zip": 60526,
      "lon": -87.8737,
      "lat": 41.8315
    },
    {
      "id": "lafox-il",
      "city": "LAFOX",
      "state": "IL",
      "county": "KANE",
      "zip": 60147,
      "lon": -88.431,
      "lat": 41.8821
    },
    {
      "id": "lake-bluff-il",
      "city": "LAKE BLUFF",
      "state": "IL",
      "county": "LAKE",
      "zip": 60044,
      "lon": -87.8584,
      "lat": 42.2837
    },
    {
      "id": "lake-forest-il",
      "city": "LAKE FOREST",
      "state": "IL",
      "county": "LAKE",
      "zip": 60045,
      "lon": -87.8692,
      "lat": 42.2391
    },
    {
      "id": "lake-in-the-hills-il",
      "city": "LAKE IN THE HILLS",
      "state": "IL",
      "county": "MCHENRY",
      "zip": 60156,
      "lon": -88.3303,
      "lat": 42.1817
    },
    {
      "id": "lake-villa-il",
      "city": "LAKE VILLA",
      "state": "IL",
      "county": "LAKE",
      "zip": 60046,
      "lon": -88.0646,
      "lat": 42.4111
    },
    {
      "id": "lake-zurich-il",
      "city": "LAKE ZURICH",
      "state": "IL",
      "county": "LAKE",
      "zip": 60047,
      "lon": -88.058,
      "lat": 42.1994
    },
    {
      "id": "lemont-il",
      "city": "LEMONT",
      "state": "IL",
      "county": "COOK",
      "zip": 60439,
      "lon": -88.0727,
      "lat": 41.7026
    },
    {
      "id": "libertyville-il",
      "city": "LIBERTYVILLE",
      "state": "IL",
      "county": "LAKE",
      "zip": 60048,
      "lon": -87.952,
      "lat": 42.2889
    },
    {
      "id": "lincolnshire-il",
      "city": "LINCOLNSHIRE",
      "state": "IL",
      "county": "LAKE",
      "zip": 60069,
      "lon": -87.9107,
      "lat": 42.1945
    },
    {
      "id": "lincolnwood-il",
      "city": "LINCOLNWOOD",
      "state": "IL",
      "county": "COOK",
      "zip": 60712,
      "lon": -87.7361,
      "lat": 42.006
    },
    {
      "id": "lisle-il",
      "city": "LISLE",
      "state": "IL",
      "county": "DUPAGE",
      "zip": 60532,
      "lon": -88.0757,
      "lat": 41.7884
    },
    {
      "id": "lombard-il",
      "city": "LOMBARD",
      "state": "IL",
      "county": "DUPAGE",
      "zip": 60148,
      "lon": -88.0145,
      "lat": 41.8737
    },
    {
      "id": "long-grove-il",
      "city": "LONG GROVE",
      "state": "IL",
      "county": "LAKE",
      "zip": 60049,
      "lon": -88.0028,
      "lat": 42.1954
    },
    {
      "id": "lyons-il",
      "city": "LYONS",
      "state": "IL",
      "county": "COOK",
      "zip": 60534,
      "lon": -87.8222,
      "lat": 41.8134
    },
    {
      "id": "maywood-il",
      "city": "MAYWOOD",
      "state": "IL",
      "county": "COOK",
      "zip": 60153,
      "lon": -87.8473,
      "lat": 41.8721
    },
    {
      "id": "mchenry-il",
      "city": "MCHENRY",
      "state": "IL",
      "county": "MCHENRY",
      "zip": 60050,
      "lon": -88.2598,
      "lat": 42.3474
    },
    {
      "id": "medinah-il",
      "city": "MEDINAH",
      "state": "IL",
      "county": "DUPAGE",
      "zip": 60157,
      "lon": -88.0472,
      "lat": 41.9701
    },
    {
      "id": "melrose-park-il",
      "city": "MELROSE PARK",
      "state": "IL",
      "county": "COOK",
      "zip": 60160,
      "lon": -87.8618,
      "lat": 41.9013
    },
    {
      "id": "mooseheart-il",
      "city": "MOOSEHEART",
      "state": "IL",
      "county": "KANE",
      "zip": 60539,
      "lon": -88.3347,
      "lat": 41.8239
    },
    {
      "id": "morton-grove-il",
      "city": "MORTON GROVE",
      "state": "IL",
      "county": "COOK",
      "zip": 60053,
      "lon": -87.7928,
      "lat": 42.0427
    },
    {
      "id": "mount-prospect-il",
      "city": "MOUNT PROSPECT",
      "state": "IL",
      "county": "COOK",
      "zip": 60056,
      "lon": -87.9335,
      "lat": 42.0654
    },
    {
      "id": "mundelein-il",
      "city": "MUNDELEIN",
      "state": "IL",
      "county": "LAKE",
      "zip": 60060,
      "lon": -88.061,
      "lat": 42.2689
    },
    {
      "id": "naperville-il",
      "city": "NAPERVILLE",
      "state": "IL",
      "county": "DUPAGE",
      "zip": 60540,
      "lon": -88.1472,
      "lat": 41.7743
    },
    {
      "id": "niles-il",
      "city": "NILES",
      "state": "IL",
      "county": "COOK",
      "zip": 60714,
      "lon": -87.8126,
      "lat": 42.0296
    },
    {
      "id": "north-aurora-il",
      "city": "NORTH AURORA",
      "state": "IL",
      "county": "KANE",
      "zip": 60542,
      "lon": -88.3264,
      "lat": 41.8083
    },
    {
      "id": "north-chicago-il",
      "city": "NORTH CHICAGO",
      "state": "IL",
      "county": "LAKE",
      "zip": 60064,
      "lon": -87.8571,
      "lat": 42.3255
    },
    {
      "id": "northbrook-il",
      "city": "NORTHBROOK",
      "state": "IL",
      "county": "COOK",
      "zip": 60062,
      "lon": -87.8439,
      "lat": 42.125
    },
    {
      "id": "oak-brook-il",
      "city": "OAK BROOK",
      "state": "IL",
      "county": "DUPAGE",
      "zip": 60523,
      "lon": -87.9369,
      "lat": 41.8008
    },
    {
      "id": "oak-lawn-il",
      "city": "OAK LAWN",
      "state": "IL",
      "county": "COOK",
      "zip": 60453,
      "lon": -87.7558,
      "lat": 41.7155
    },
    {
      "id": "oak-park-il",
      "city": "OAK PARK",
      "state": "IL",
      "county": "COOK",
      "zip": 60301,
      "lon": -87.7996,
      "lat": 41.8887
    },
    {
      "id": "palatine-il",
      "city": "PALATINE",
      "state": "IL",
      "county": "COOK",
      "zip": 60038,
      "lon": -88.012,
      "lat": 42.0974
    },
    {
      "id": "palos-hills-il",
      "city": "PALOS HILLS",
      "state": "IL",
      "county": "COOK",
      "zip": 60465,
      "lon": -87.8284,
      "lat": 41.7002
    },
    {
      "id": "palos-park-il",
      "city": "PALOS PARK",
      "state": "IL",
      "county": "COOK",
      "zip": 60464,
      "lon": -87.8588,
      "lat": 41.6699
    },
    {
      "id": "park-ridge-il",
      "city": "PARK RIDGE",
      "state": "IL",
      "county": "COOK",
      "zip": 60068,
      "lon": -87.8286,
      "lat": 41.9725
    },
    {
      "id": "plato-center-il",
      "city": "PLATO CENTER",
      "state": "IL",
      "county": "KANE",
      "zip": 60170,
      "lon": -88.2858,
      "lat": 42.0384
    },
    {
      "id": "pleasant-prairie-wi",
      "city": "PLEASANT PRAIRIE",
      "state": "WI",
      "county": "KENOSHA",
      "zip": 53158,
      "lon": -87.9321,
      "lat": 42.5504
    },
    {
      "id": "prospect-heights-il",
      "city": "PROSPECT HEIGHTS",
      "state": "IL",
      "county": "COOK",
      "zip": 60070,
      "lon": -87.9371,
      "lat": 42.1047
    },
    {
      "id": "richmond-il",
      "city": "RICHMOND",
      "state": "IL",
      "county": "MCHENRY",
      "zip": 60071,
      "lon": -88.2911,
      "lat": 42.4679
    },
    {
      "id": "ringwood-il",
      "city": "RINGWOOD",
      "state": "IL",
      "county": "MCHENRY",
      "zip": 60072,
      "lon": -88.2964,
      "lat": 42.4082
    },
    {
      "id": "river-forest-il",
      "city": "RIVER FOREST",
      "state": "IL",
      "county": "COOK",
      "zip": 60305,
      "lon": -87.8171,
      "lat": 41.8942
    },
    {
      "id": "river-grove-il",
      "city": "RIVER GROVE",
      "state": "IL",
      "county": "COOK",
      "zip": 60171,
      "lon": -87.8399,
      "lat": 41.9269
    },
    {
      "id": "riverside-il",
      "city": "RIVERSIDE",
      "state": "IL",
      "county": "COOK",
      "zip": 60546,
      "lon": -87.8289,
      "lat": 41.8345
    },
    {
      "id": "rolling-meadows-il",
      "city": "ROLLING MEADOWS",
      "state": "IL",
      "county": "COOK",
      "zip": 60008,
      "lon": -88.0287,
      "lat": 42.0782
    },
    {
      "id": "roselle-il",
      "city": "ROSELLE",
      "state": "IL",
      "county": "DUPAGE",
      "zip": 60172,
      "lon": -88.0736,
      "lat": 41.9776
    },
    {
      "id": "round-lake-il",
      "city": "ROUND LAKE",
      "state": "IL",
      "county": "LAKE",
      "zip": 60073,
      "lon": -88.0925,
      "lat": 42.3518
    },
    {
      "id": "russell-il",
      "city": "RUSSELL",
      "state": "IL",
      "county": "LAKE",
      "zip": 60075,
      "lon": -87.9259,
      "lat": 42.4894
    },
    {
      "id": "saint-charles-il",
      "city": "SAINT CHARLES",
      "state": "IL",
      "county": "KANE",
      "zip": 60174,
      "lon": -88.3038,
      "lat": 41.9213
    },
    {
      "id": "schaumburg-il",
      "city": "SCHAUMBURG",
      "state": "IL",
      "county": "COOK",
      "zip": 60159,
      "lon": -88.0834,
      "lat": 42.033
    },
    {
      "id": "schiller-park-il",
      "city": "SCHILLER PARK",
      "state": "IL",
      "county": "COOK",
      "zip": 60176,
      "lon": -87.8703,
      "lat": 41.9572
    },
    {
      "id": "shorewood-il",
      "city": "SHOREWOOD",
      "state": "IL",
      "county": "WILL",
      "zip": 60404,
      "lon": -87.7896,
      "lat": 41.8393
    },
    {
      "id": "silver-lake-wi",
      "city": "SILVER LAKE",
      "state": "WI",
      "county": "KENOSHA",
      "zip": 53170,
      "lon": -88.1702,
      "lat": 42.5503
    },
    {
      "id": "skokie-il",
      "city": "SKOKIE",
      "state": "IL",
      "county": "COOK",
      "zip": 60076,
      "lon": -87.7307,
      "lat": 42.0363
    },
    {
      "id": "south-elgin-il",
      "city": "SOUTH ELGIN",
      "state": "IL",
      "county": "KANE",
      "zip": 60177,
      "lon": -88.2951,
      "lat": 41.9955
    },
    {
      "id": "spring-grove-il",
      "city": "SPRING GROVE",
      "state": "IL",
      "county": "MCHENRY",
      "zip": 60081,
      "lon": -88.2252,
      "lat": 42.4398
    },
    {
      "id": "stone-park-il",
      "city": "STONE PARK",
      "state": "IL",
      "county": "COOK",
      "zip": 60165,
      "lon": -87.8567,
      "lat": 41.9006
    },
    {
      "id": "streamwood-il",
      "city": "STREAMWOOD",
      "state": "IL",
      "county": "COOK",
      "zip": 60107,
      "lon": -88.1675,
      "lat": 42.0225
    },
    {
      "id": "summit-argo-il",
      "city": "SUMMIT ARGO",
      "state": "IL",
      "county": "COOK",
      "zip": 60501,
      "lon": -87.8099,
      "lat": 41.7834
    },
    {
      "id": "techny-il",
      "city": "TECHNY",
      "state": "IL",
      "county": "COOK",
      "zip": 60082,
      "lon": -87.8075,
      "lat": 42.1097
    },
    {
      "id": "trevor-wi",
      "city": "TREVOR",
      "state": "WI",
      "county": "KENOSHA",
      "zip": 53179,
      "lon": -88.1325,
      "lat": 42.5164
    },
    {
      "id": "twin-lakes-wi",
      "city": "TWIN LAKES",
      "state": "WI",
      "county": "KENOSHA",
      "zip": 53181,
      "lon": -88.2534,
      "lat": 42.5213
    },
    {
      "id": "union-il",
      "city": "UNION",
      "state": "IL",
      "county": "MCHENRY",
      "zip": 60180,
      "lon": -88.5269,
      "lat": 42.2234
    },
    {
      "id": "vernon-hills-il",
      "city": "VERNON HILLS",
      "state": "IL",
      "county": "LAKE",
      "zip": 60061,
      "lon": -87.972,
      "lat": 42.2327
    },
    {
      "id": "villa-park-il",
      "city": "VILLA PARK",
      "state": "IL",
      "county": "DUPAGE",
      "zip": 60181,
      "lon": -87.9798,
      "lat": 41.8787
    },
    {
      "id": "wadsworth-il",
      "city": "WADSWORTH",
      "state": "IL",
      "county": "LAKE",
      "zip": 60083,
      "lon": -87.9328,
      "lat": 42.4298
    },
    {
      "id": "warrenville-il",
      "city": "WARRENVILLE",
      "state": "IL",
      "county": "DUPAGE",
      "zip": 60555,
      "lon": -88.1836,
      "lat": 41.8226
    },
    {
      "id": "wasco-il",
      "city": "WASCO",
      "state": "IL",
      "county": "KANE",
      "zip": 60183,
      "lon": -88.4017,
      "lat": 41.938
    },
    {
      "id": "wauconda-il",
      "city": "WAUCONDA",
      "state": "IL",
      "county": "LAKE",
      "zip": 60084,
      "lon": -88.1395,
      "lat": 42.2634
    },
    {
      "id": "waukegan-il",
      "city": "WAUKEGAN",
      "state": "IL",
      "county": "LAKE",
      "zip": 60079,
      "lon": -87.868,
      "lat": 42.3709
    },
    {
      "id": "wayne-il",
      "city": "WAYNE",
      "state": "IL",
      "county": "DUPAGE",
      "zip": 60184,
      "lon": -88.2324,
      "lat": 41.9466
    },
    {
      "id": "west-chicago-il",
      "city": "WEST CHICAGO",
      "state": "IL",
      "county": "DUPAGE",
      "zip": 60185,
      "lon": -88.1988,
      "lat": 41.8869
    },
    {
      "id": "westchester-il",
      "city": "WESTCHESTER",
      "state": "IL",
      "county": "COOK",
      "zip": 60154,
      "lon": -87.8855,
      "lat": 41.8523
    },
    {
      "id": "western-springs-il",
      "city": "WESTERN SPRINGS",
      "state": "IL",
      "county": "COOK",
      "zip": 60558,
      "lon": -87.8999,
      "lat": 41.8042
    },
    {
      "id": "westmont-il",
      "city": "WESTMONT",
      "state": "IL",
      "county": "DUPAGE",
      "zip": 60559,
      "lon": -87.9727,
      "lat": 41.795
    },
    {
      "id": "wheaton-il",
      "city": "WHEATON",
      "state": "IL",
      "county": "DUPAGE",
      "zip": 60187,
      "lon": -88.1128,
      "lat": 41.8608
    },
    {
      "id": "willow-springs-il",
      "city": "WILLOW SPRINGS",
      "state": "IL",
      "county": "COOK",
      "zip": 60480,
      "lon": -87.8768,
      "lat": 41.7237
    },
    {
      "id": "willowbrook-il",
      "city": "WILLOWBROOK",
      "state": "IL",
      "county": "DUPAGE",
      "zip": 60527,
      "lon": -87.951,
      "lat": 41.8418
    },
    {
      "id": "wilmette-il",
      "city": "WILMETTE",
      "state": "IL",
      "county": "COOK",
      "zip": 60091,
      "lon": -87.7294,
      "lat": 42.0763
    },
    {
      "id": "wilmot-wi",
      "city": "WILMOT",
      "state": "WI",
      "county": "KENOSHA",
      "zip": 53192,
      "lon": -88.2115,
      "lat": 42.512
    },
    {
      "id": "winfield-il",
      "city": "WINFIELD",
      "state": "IL",
      "county": "DUPAGE",
      "zip": 60190,
      "lon": -88.1525,
      "lat": 41.8708
    },
    {
      "id": "winnetka-il",
      "city": "WINNETKA",
      "state": "IL",
      "county": "COOK",
      "zip": 60093,
      "lon": -87.7579,
      "lat": 42.1031
    },
    {
      "id": "winthrop-harbor-il",
      "city": "WINTHROP HARBOR",
      "state": "IL",
      "county": "LAKE",
      "zip": 60096,
      "lon": -87.8283,
      "lat": 42.4798
    },
    {
      "id": "wonder-lake-il",
      "city": "WONDER LAKE",
      "state": "IL",
      "county": "MCHENRY",
      "zip": 60097,
      "lon": -88.3563,
      "lat": 42.3941
    },
    {
      "id": "wood-dale-il",
      "city": "WOOD DALE",
      "state": "IL",
      "county": "DUPAGE",
      "zip": 60191,
      "lon": -87.9782,
      "lat": 41.9599
    },
    {
      "id": "woodridge-il",
      "city": "WOODRIDGE",
      "state": "IL",
      "county": "DUPAGE",
      "zip": 60517,
      "lon": -88.061,
      "lat": 41.7542
    },
    {
      "id": "woodstock-il",
      "city": "WOODSTOCK",
      "state": "IL",
      "county": "MCHENRY",
      "zip": 60098,
      "lon": -88.4472,
      "lat": 42.3204
    },
    {
      "id": "woodworth-wi",
      "city": "WOODWORTH",
      "state": "WI",
      "county": "KENOSHA",
      "zip": 53194,
      "lon": -88.072,
      "lat": 42.5653
    },
    {
      "id": "worth-il",
      "city": "WORTH",
      "state": "IL",
      "county": "COOK",
      "zip": 60482,
      "lon": -87.7748,
      "lat": 41.689
    },
    {
      "id": "zion-il",
      "city": "ZION",
      "state": "IL",
      "county": "LAKE",
      "zip": 60099,
      "lon": -87.8575,
      "lat": 42.4513
    }
  ]
}
